product_id,category,cost_price,current_price,competitor_price,views,units_sold,conversion_rate,stock_available,month,optimal_price
SHO_0,Shoes,1509,1727.1,1768.82,801,137,0.1563,388,2,1848.58
SHO_1,Shoes,265,294.66,286.37,1492,185,0.1176,472,7,232.9
SHO_2,Shoes,1406,1703.05,1765.94,783,58,0.0842,170,6,1602.39
SHO_3,Shoes,978,1113.64,1152.34,1056,173,0.1566,512,7,1069.95
SHO_4,Shoes,800,1145.41,1158.99,1175,144,0.1486,265,5,1302.76
SHO_5,Shoes,1951,2327.77,2234.89,950,128,0.1634,260,11,1865.13
SHO_6,Shoes,1599,2173.38,2197.1,760,49,0.0648,93,11,2298.79
SHO_7,Shoes,649,891.63,922.2,458,11,0.0267,20,4,972.26
SHO_8,Shoes,1361,1974.19,1937.6,1362,238,0.1812,451,4,1765.3
SHO_9,Shoes,1303,1570.24,1583.52,1149,199,0.2012,445,1,1771.12
SHO_10,Shoes,513,693.05,713.29,1312,128,0.0919,281,5,780.54
SHO_11,Shoes,1962,2897.82,2950.06,680,74,0.1188,182,2,2868.84
SHO_12,Shoes,523,670.22,700.64,1116,192,0.1643,318,11,676.4
SHO_13,Shoes,1508,1965.02,1905.86,1287,157,0.1136,360,1,1676.46
SHO_14,Shoes,1200,1329.35,1386.39,921,65,0.0661,105,12,1353.69
SHO_15,Shoes,341,508.5,510.16,559,60,0.1059,113,10,516.81
SHO_16,Shoes,633,931.5,955.28,880,90,0.0942,185,9,950.76
SHO_17,Shoes,707,841.24,827.62,901,20,0.0209,31,2,733.62
SHO_18,Shoes,1960,2415.06,2418.48,1035,51,0.0586,148,10,2488.12
SHO_19,Shoes,697,985.45,1015.75,660,91,0.1429,192,12,934.71
SHO_20,Shoes,1538,2297.26,2205.01,1335,170,0.1575,303,9,1905.78
SHO_21,Shoes,1064,1248.49,1243.82,541,95,0.1744,149,9,1136.11
SHO_22,Shoes,391,574.98,595.03,712,93,0.1104,265,3,583.05
SHO_23,Shoes,999,1204.88,1239.11,1216,204,0.1495,545,11,1320.8
SHO_24,Shoes,517,607.97,590.81,535,65,0.1143,103,10,506.17
SHO_25,Shoes,1946,2554.03,2440.86,1198,60,0.0511,150,4,2041.54
SHO_26,Shoes,1366,1637.13,1652.6,548,70,0.1262,203,4,1757.57
SHO_27,Shoes,843,1007.78,997.28,996,214,0.1853,323,10,958.03
SHO_28,Shoes,404,456.24,443.15,804,51,0.0804,95,5,348.1
SHO_29,Shoes,1907,2512.07,2462.46,1191,175,0.1638,436,3,2020.5
SHO_30,Shoes,419,585.33,565.16,1017,124,0.144,303,5,490.2
SHO_31,Shoes,714,1043.96,1080.09,620,91,0.1751,182,3,1119.82
SHO_32,Shoes,736,857.17,852.18,1306,61,0.0399,154,3,704.11
SHO_33,Shoes,1909,2381.83,2394.34,1089,96,0.0759,258,1,2639.88
SHO_34,Shoes,630,864.88,879.32,1249,222,0.1821,539,3,988.57
SHO_35,Shoes,684,988.96,1036.05,878,25,0.0256,49,7,1057.7
SHO_36,Shoes,1969,2744.83,2675.71,809,34,0.0385,94,4,2096.45
SHO_37,Shoes,1142,1415.92,1461.31,770,109,0.1433,209,2,1613.88
SHO_38,Shoes,771,956.39,957.29,1396,40,0.025,75,10,1053.84
SHO_39,Shoes,743,828.67,836.67,1208,98,0.0772,222,7,916.66
WAT_0,Watches,589,707.91,722.69,406,75,0.1686,218,12,772.64
WAT_1,Watches,945,1202.53,1256.51,1129,146,0.1457,416,9,1201.53
WAT_2,Watches,1036,1274.77,1299.91,578,79,0.1424,207,3,1357.7
WAT_3,Watches,816,1030.14,1064.52,934,100,0.1006,248,8,1050.85
WAT_4,Watches,1583,1876.62,1871.59,794,59,0.0709,143,2,1641.4
WAT_5,Watches,1738,2075.08,2035.74,693,22,0.0278,53,2,1664.85
WAT_6,Watches,1489,1980.77,2024.02,1183,83,0.0653,125,2,2135.08
WAT_7,Watches,648,758.39,793.12,1439,221,0.1258,371,3,841.16
WAT_8,Watches,1567,2056.61,2068.73,1237,236,0.1815,608,9,2142.46
WAT_9,Watches,1322,1690.0,1632.4,1344,221,0.15,423,9,1430.95
WAT_10,Watches,689,833.58,798.36,880,75,0.0771,121,3,651.19
WAT_11,Watches,1621,1882.18,1828.34,1202,128,0.1143,231,7,1531.26
WAT_12,Watches,1776,2368.53,2414.84,1168,211,0.1934,439,7,2515.98
WAT_13,Watches,1704,2246.64,2269.84,846,59,0.0698,122,11,2375.82
WAT_14,Watches,1028,1428.58,1477.22,788,113,0.1201,269,11,1349.11
WAT_15,Watches,1516,1927.51,1998.22,633,53,0.0915,105,7,1888.3
WAT_16,Watches,1903,2414.2,2495.05,1100,165,0.121,334,11,2305.18
WAT_17,Watches,1534,1712.1,1631.81,797,14,0.0226,23,11,1272.37
WAT_18,Watches,646,830.76,810.51,1001,135,0.1262,225,3,763.12
WAT_19,Watches,421,560.55,584.59,1119,150,0.1551,380,11,553.1
WAT_20,Watches,1627,2292.43,2372.73,723,77,0.1261,177,11,2304.44
WAT_21,Watches,1236,1679.75,1597.89,1422,59,0.0371,144,8,1421.29
WAT_22,Watches,1091,1276.97,1279.75,997,206,0.1859,452,12,1381.21
WAT_23,Watches,860,1238.99,1279.97,525,62,0.1045,145,11,1251.84
WAT_24,Watches,258,334.81,328.95,1237,182,0.1607,513,12,304.11
WAT_25,Watches,1338,1477.23,1543.42,515,53,0.0973,98,8,1567.27
WAT_26,Watches,1205,1541.52,1467.1,890,107,0.1375,253,8,1302.6
WAT_27,Watches,904,1148.26,1176.5,1013,99,0.1042,182,12,1109.26
WAT_28,Watches,444,620.34,648.31,682,103,0.1598,245,9,661.0
WAT_29,Watches,405,580.39,568.56,992,21,0.0221,40,1,472.99
WAT_30,Watches,1628,2405.59,2438.76,1181,24,0.0225,53,6,2267.47
WAT_31,Watches,305,366.3,379.55,714,58,0.0955,141,1,349.09
WAT_32,Watches,1861,2466.08,2417.7,769,121,0.1545,325,4,2204.47
WAT_33,Watches,979,1253.32,1246.14,1178,160,0.131,417,4,1080.18
WAT_34,Watches,741,1010.85,976.18,770,33,0.0465,83,8,787.37
WAT_35,Watches,674,819.07,801.27,1101,59,0.0607,158,10,689.97
WAT_36,Watches,605,768.38,771.8,820,115,0.1695,201,5,815.93
WAT_37,Watches,1888,2506.67,2453.68,645,44,0.0732,83,9,2054.08
WAT_38,Watches,364,487.47,506.45,1103,26,0.0256,65,10,499.47
WAT_39,Watches,242,362.96,369.21,980,138,0.1601,314,8,409.77
CLO_0,Clocks,571,855.8,850.31,1670,166,0.1039,328,2,760.97
CLO_1,Clocks,875,1106.58,1106.08,1373,160,0.119,315,6,852.98
CLO_2,Clocks,1782,2248.3,2251.58,427,48,0.1178,85,6,2381.12
CLO_3,Clocks,1220,1647.2,1690.03,739,31,0.0447,87,8,1541.64
CLO_4,Clocks,1490,2001.89,1949.7,669,13,0.0219,23,2,1600.74
CLO_5,Clocks,440,598.0,577.31,1000,73,0.0668,216,4,487.25
CLO_6,Clocks,496,621.7,647.93,1581,63,0.0465,167,7,608.98
CLO_7,Clocks,1813,2362.51,2438.24,1067,200,0.1762,497,3,2468.68
CLO_8,Clocks,1191,1474.52,1482.18,1151,79,0.0783,201,10,1469.66
CLO_9,Clocks,1953,2754.16,2628.47,1480,213,0.1585,531,11,2545.56
CLO_10,Clocks,1214,1803.92,1736.5,1238,198,0.1707,453,8,1381.42
CLO_11,Clocks,495,625.68,635.36,594,89,0.1632,216,7,673.4
CLO_12,Clocks,1944,2393.89,2435.63,1420,123,0.0783,324,9,2228.12
CLO_13,Clocks,340,405.93,413.42,1184,184,0.1573,303,11,442.18
CLO_14,Clocks,405,517.38,527.42,375,58,0.1665,119,3,513.69
CLO_15,Clocks,1043,1383.41,1423.88,650,85,0.1335,214,8,1556.39
CLO_16,Clocks,493,588.09,596.2,1209,30,0.022,85,11,597.99
CLO_17,Clocks,351,448.12,441.2,1068,89,0.0949,246,4,406.62
CLO_18,Clocks,1947,2518.02,2451.85,1168,202,0.1935,599,11,2100.36
CLO_19,Clocks,216,286.5,291.82,582,105,0.157,299,4,308.47
CLO_20,Clocks,921,1093.78,1059.89,977,146,0.1451,402,11,849.61
CLO_21,Clocks,1485,2017.43,1978.88,1058,74,0.084,211,6,1738.26
CLO_22,Clocks,559,659.8,678.7,1163,256,0.1897,482,8,769.12
CLO_23,Clocks,804,1124.49,1106.35,626,22,0.033,40,11,952.32
CLO_24,Clocks,1013,1506.24,1552.12,960,84,0.0938,141,6,1599.21
CLO_25,Clocks,1576,1898.87,1876.28,978,48,0.0613,135,9,1493.84
CLO_26,Clocks,1449,1722.2,1646.98,1571,102,0.0711,174,1,1356.08
CLO_27,Clocks,1208,1384.91,1348.18,1281,131,0.099,342,9,1131.81
CLO_28,Clocks,1720,2391.9,2484.09,682,113,0.1359,216,12,2445.78
CLO_29,Clocks,1108,1415.89,1378.53,958,132,0.1396,391,6,1086.54
CLO_30,Clocks,765,899.58,865.59,1113,63,0.056,186,1,777.1
CLO_31,Clocks,698,1043.88,1073.84,678,99,0.1623,180,4,1052.25
CLO_32,Clocks,502,710.56,717.38,1105,44,0.0465,82,3,662.95
CLO_33,Clocks,1974,2191.76,2085.43,918,17,0.0217,28,7,1774.8
CLO_34,Clocks,1727,1943.61,1933.56,1147,45,0.0394,131,1,1649.47
CLO_35,Clocks,1975,2693.03,2639.61,381,37,0.1041,93,8,2327.74
CLO_36,Clocks,1108,1251.37,1198.91,580,38,0.0666,88,6,1001.26
CLO_37,Clocks,1423,1867.29,1858.65,1075,177,0.1456,438,9,1656.12
CLO_38,Clocks,640,814.1,845.69,1166,123,0.1056,202,7,808.37
CLO_39,Clocks,722,902.3,870.96,1133,150,0.1638,246,12,738.38
BAG_0,Bags,466,616.31,621.64,1148,126,0.0948,366,7,683.47
BAG_1,Bags,1676,1878.09,1838.2,977,102,0.1214,253,4,1669.73
BAG_2,Bags,917,1318.78,1301.31,998,182,0.1631,539,10,1152.78
BAG_3,Bags,1516,2005.21,2027.07,768,60,0.0699,172,6,1849.49
BAG_4,Bags,1981,2292.61,2328.68,464,52,0.1361,136,4,2311.01
BAG_5,Bags,1129,1395.85,1377.71,1181,117,0.1206,184,3,1217.1
BAG_6,Bags,301,412.25,402.85,1260,108,0.0973,284,2,329.86
BAG_7,Bags,427,518.08,527.33,1411,98,0.0769,291,1,476.8
BAG_8,Bags,817,1207.63,1239.92,845,37,0.0427,79,3,1194.18
BAG_9,Bags,1641,1956.14,1967.63,932,134,0.1761,204,2,2188.29
BAG_10,Bags,1379,1753.69,1736.93,1149,124,0.092,217,10,1448.08
BAG_11,Bags,1612,2366.27,2268.81,552,64,0.1208,133,5,2072.43
BAG_12,Bags,653,805.3,778.57,1522,144,0.1117,383,6,697.43
BAG_13,Bags,1877,2549.3,2459.49,523,28,0.0536,73,11,1903.7
BAG_14,Bags,1782,2407.8,2399.12,1414,265,0.1781,789,6,2211.8
BAG_15,Bags,1484,1820.06,1809.1,1328,88,0.0741,139,9,1365.15
BAG_16,Bags,1145,1466.48,1401.5,819,149,0.1678,360,9,1224.27
BAG_17,Bags,1388,1834.56,1888.1,474,88,0.1706,174,8,1937.27
BAG_18,Bags,326,417.35,430.33,1315,52,0.0363,81,12,417.04
BAG_19,Bags,1099,1439.28,1455.08,1086,75,0.0717,150,10,1337.58
BAG_20,Bags,1492,2027.51,1939.5,606,44,0.0857,122,10,1790.56
BAG_21,Bags,882,998.95,1015.29,1031,156,0.1403,264,12,1135.78
BAG_22,Bags,834,1103.86,1119.7,1206,197,0.1426,513,11,1253.47
BAG_23,Bags,391,531.14,527.07,921,80,0.075,161,8,411.73
BAG_24,Bags,481,558.91,547.5,608,74,0.1148,169,11,452.27
BAG_25,Bags,1769,2383.22,2406.4,618,118,0.1713,320,3,2631.2
BAG_26,Bags,289,365.4,371.84,1052,155,0.1322,414,4,384.15
BAG_27,Bags,833,1238.04,1273.25,754,181,0.1959,396,5,1401.02
BAG_28,Bags,1229,1611.2,1686.33,905,40,0.047,98,6,1650.37
BAG_29,Bags,410,567.67,568.57,598,85,0.1576,242,3,631.06
BAG_30,Bags,387,572.2,556.3,1526,261,0.1823,546,6,461.38
BAG_31,Bags,367,458.74,437.1,683,94,0.1305,160,5,418.15
BAG_32,Bags,1167,1608.63,1550.53,1332,21,0.0202,39,3,1307.15
BAG_33,Bags,1689,2269.26,2251.84,886,32,0.0416,78,10,1824.21
BAG_34,Bags,427,612.61,612.6,1207,122,0.1128,209,7,457.96
BAG_35,Bags,922,1102.92,1093.72,580,57,0.0842,132,9,924.76
BAG_36,Bags,999,1447.88,1381.79,1421,68,0.0627,182,6,1118.04
BAG_37,Bags,1545,2087.76,2144.44,921,75,0.0857,184,11,2123.63
BAG_38,Bags,1624,2097.25,2030.62,557,81,0.1546,157,1,1872.31
BAG_39,Bags,285,349.48,342.84,1452,148,0.1155,389,4,277.85
HEA_0,Headphones,1965,2775.24,2876.76,981,168,0.1699,352,8,3148.12
HEA_1,Headphones,991,1224.49,1186.14,1342,186,0.1584,302,7,943.72
HEA_2,Headphones,1433,2146.69,2078.09,929,31,0.0333,60,10,1814.54
HEA_3,Headphones,541,744.37,733.32,530,99,0.1814,213,11,698.38
HEA_4,Headphones,317,358.22,363.15,1149,158,0.1571,244,10,386.28
HEA_5,Headphones,1097,1221.97,1169.09,1086,154,0.1826,266,8,1121.98
HEA_6,Headphones,961,1227.75,1175.8,689,61,0.0878,114,2,918.59
HEA_7,Headphones,581,755.08,746.55,579,37,0.0661,110,5,642.54
HEA_8,Headphones,1205,1421.99,1370.19,540,89,0.1751,145,11,1320.86
HEA_9,Headphones,854,1167.53,1191.99,1149,225,0.1769,650,11,1155.55
HEA_10,Headphones,940,1225.29,1178.9,905,52,0.0602,106,10,975.1
HEA_11,Headphones,1845,2754.96,2652.96,475,43,0.0883,95,7,2401.46
HEA_12,Headphones,1886,2508.3,2414.32,1108,111,0.0972,223,9,2140.24
HEA_13,Headphones,572,804.87,775.01,1663,39,0.0289,67,3,605.64
HEA_14,Headphones,1652,1966.19,2054.17,1692,286,0.18,701,9,1972.7
HEA_15,Headphones,1480,1807.27,1813.32,1509,198,0.1269,347,10,1961.3
HEA_16,Headphones,1439,1777.23,1852.57,546,12,0.0262,29,10,1704.74
HEA_17,Headphones,631,887.68,880.28,461,55,0.1318,161,8,704.06
HEA_18,Headphones,1853,2546.02,2494.45,590,26,0.0475,57,6,2114.64
HEA_19,Headphones,840,1213.46,1191.53,1317,52,0.0428,121,6,934.26
HEA_20,Headphones,450,543.14,529.45,490,101,0.1854,214,3,497.45
HEA_21,Headphones,1383,1920.23,1860.67,725,76,0.1092,149,1,1465.67
HEA_22,Headphones,1005,1308.69,1369.76,868,24,0.0301,57,11,1365.08
HEA_23,Headphones,785,1032.02,1067.85,1094,74,0.07,155,1,1032.03
HEA_24,Headphones,1367,1810.9,1786.0,821,97,0.1092,186,10,1567.49
HEA_25,Headphones,443,510.1,489.53,1301,114,0.0778,300,4,430.13
HEA_26,Headphones,1022,1328.63,1268.22,738,111,0.1572,191,9,1041.96
HEA_27,Headphones,1455,1785.88,1766.76,1049,114,0.1101,254,10,1427.39
HEA_28,Headphones,1870,2069.44,2034.52,743,100,0.123,258,12,1784.07
HEA_29,Headphones,1422,1834.15,1919.82,942,112,0.1309,273,10,2003.9
HEA_30,Headphones,978,1133.61,1154.1,477,63,0.1487,136,7,1096.37
HEA_31,Headphones,1614,1907.03,1907.38,1568,197,0.1525,336,4,2003.01
HEA_32,Headphones,1556,2009.34,1984.59,741,85,0.1145,213,12,1737.23
HEA_33,Headphones,1845,2541.17,2569.14,938,61,0.071,177,5,2731.26
HEA_34,Headphones,1643,1943.52,1983.36,1040,153,0.1234,395,5,1875.83
HEA_35,Headphones,1585,2087.88,2170.51,1361,316,0.1994,611,5,2436.68
HEA_36,Headphones,361,447.11,444.53,1016,66,0.0582,125,9,380.78
HEA_37,Headphones,481,550.12,563.37,798,119,0.144,292,1,528.77
HEA_38,Headphones,876,1214.96,1166.43,546,70,0.1143,147,8,1014.1
HEA_39,Headphones,608,852.64,834.5,1041,152,0.1795,358,9,753.81
LAP_0,Laptops,1941,2862.33,2980.61,733,159,0.1778,247,7,3224.17
LAP_1,Laptops,581,856.77,896.36,1141,27,0.0227,44,6,825.67
LAP_2,Laptops,1513,1993.11,1991.9,768,70,0.1042,116,3,1725.21
LAP_3,Laptops,1527,1836.84,1779.2,1216,153,0.1184,269,11,1661.0
LAP_4,Laptops,1893,2406.16,2364.76,1302,57,0.0523,113,4,1763.55
LAP_5,Laptops,985,1176.3,1206.15,989,125,0.1539,310,12,1156.51
LAP_6,Laptops,1567,1797.8,1763.07,1321,273,0.1826,724,12,1431.12
LAP_7,Laptops,804,1002.6,974.61,667,76,0.0991,156,12,844.59
LAP_8,Laptops,1164,1633.02,1682.34,935,146,0.1468,391,9,1691.31
LAP_9,Laptops,1641,2042.58,2127.81,518,66,0.1235,155,3,1978.38
LAP_10,Laptops,1949,2549.56,2451.72,891,103,0.1038,223,1,2108.25
LAP_11,Laptops,1251,1583.98,1594.1,1439,88,0.076,165,1,1692.34
LAP_12,Laptops,1384,1562.83,1550.91,538,18,0.0306,53,8,1147.39
LAP_13,Laptops,1037,1215.36,1171.05,1196,196,0.1739,563,7,1006.37
LAP_14,Laptops,1598,2374.08,2463.0,713,55,0.0857,126,9,2247.98
LAP_15,Laptops,656,940.66,964.76,996,151,0.1533,312,4,933.78
LAP_16,Laptops,908,1055.14,1022.27,512,69,0.1345,200,1,840.78
LAP_17,Laptops,337,384.3,366.38,448,11,0.0267,25,1,287.94
LAP_18,Laptops,792,945.38,984.75,1085,211,0.1657,391,3,1097.73
LAP_19,Laptops,1267,1505.72,1475.68,535,71,0.124,125,11,1246.11
LAP_20,Laptops,1215,1359.29,1338.14,1314,95,0.0762,163,7,1046.3
LAP_21,Laptops,1301,1677.52,1736.12,1160,56,0.0476,88,7,1861.03
LAP_22,Laptops,1341,1759.39,1739.76,812,126,0.1349,349,2,1500.03
LAP_23,Laptops,1898,2232.41,2180.72,551,31,0.0526,80,9,1720.4
LAP_24,Laptops,627,907.76,892.6,381,21,0.0533,55,8,802.66
LAP_25,Laptops,1624,2179.02,2114.63,908,129,0.1549,296,6,1765.74
LAP_26,Laptops,936,1221.6,1221.27,673,111,0.15,219,4,1010.89
LAP_27,Laptops,1047,1170.85,1213.48,562,74,0.124,190,5,1132.49
LAP_28,Laptops,875,1043.01,1050.29,902,135,0.1388,254,8,1191.53
LAP_29,Laptops,1514,2113.3,2105.02,972,143,0.1491,411,9,1958.85
LAP_30,Laptops,320,419.06,433.27,650,107,0.145,226,11,416.13
LAP_31,Laptops,1648,1912.36,1858.57,1265,167,0.1275,404,8,1656.78
LAP_32,Laptops,232,255.81,257.13,342,52,0.1508,100,9,284.23
LAP_33,Laptops,1580,2010.12,2098.51,646,22,0.039,39,9,1930.11
LAP_34,Laptops,925,1116.41,1104.9,1377,124,0.1016,315,5,957.27
LAP_35,Laptops,1936,2192.03,2299.81,388,38,0.0926,60,1,2347.98
LAP_36,Laptops,369,479.68,476.51,1106,159,0.1733,364,1,382.57
LAP_37,Laptops,1977,2722.16,2740.34,781,30,0.0336,85,10,2840.6
LAP_38,Laptops,567,834.34,818.86,852,138,0.1525,289,2,679.59
LAP_39,Laptops,1354,1619.64,1673.84,1280,152,0.1212,396,12,1752.54
MOB_0,Mobiles,1225,1712.77,1686.37,584,90,0.1683,238,10,1419.46
MOB_1,Mobiles,1784,2195.3,2224.74,1317,133,0.0852,285,11,2300.66
MOB_2,Mobiles,978,1109.32,1122.48,981,30,0.0352,77,11,1042.09
MOB_3,Mobiles,997,1222.99,1174.87,482,49,0.0961,81,2,952.19
MOB_4,Mobiles,1119,1480.21,1482.05,495,34,0.0838,81,6,1620.61
MOB_5,Mobiles,225,273.77,270.7,624,88,0.1194,164,9,215.36
MOB_6,Mobiles,979,1143.28,1116.86,946,27,0.0307,57,8,976.67
MOB_7,Mobiles,939,1127.44,1098.87,1468,64,0.0538,125,7,885.94
MOB_8,Mobiles,1470,1840.38,1907.04,1214,248,0.1728,734,3,1875.21
MOB_9,Mobiles,1435,2122.24,2058.75,908,72,0.0889,187,11,1745.13
MOB_10,Mobiles,1379,1948.24,1914.32,1097,81,0.0891,190,10,1761.05
MOB_11,Mobiles,568,779.69,783.6,1583,103,0.058,282,2,845.62
MOB_12,Mobiles,1829,2593.56,2638.42,721,50,0.0647,128,7,2421.93
MOB_13,Mobiles,1424,1839.37,1821.12,1680,281,0.1748,436,6,1626.86
MOB_14,Mobiles,1863,2449.4,2483.25,484,34,0.0656,59,10,2273.08
MOB_15,Mobiles,1521,2085.27,2064.34,1280,98,0.0965,185,9,1800.84
MOB_16,Mobiles,1342,1787.82,1801.27,1245,139,0.1041,352,3,1790.41
MOB_17,Mobiles,250,323.28,316.67,486,75,0.1855,147,8,289.15
MOB_18,Mobiles,1267,1638.45,1634.54,1412,117,0.1012,183,12,1247.45
MOB_19,Mobiles,1939,2398.99,2305.28,862,122,0.1473,283,6,2045.24
MOB_20,Mobiles,1146,1366.88,1353.9,679,88,0.137,229,4,1135.09
MOB_21,Mobiles,1079,1354.72,1382.46,748,127,0.1497,300,9,1334.59
MOB_22,Mobiles,867,1022.05,982.59,1417,183,0.1298,442,10,791.1
MOB_23,Mobiles,920,1323.15,1338.68,1177,162,0.1277,319,4,1324.16
MOB_24,Mobiles,574,717.11,691.39,1155,45,0.0432,80,11,586.42
MOB_25,Mobiles,1521,2239.33,2166.16,737,28,0.0438,60,1,1949.82
MOB_26,Mobiles,219,283.35,274.71,1406,146,0.1076,368,7,245.4
MOB_27,Mobiles,1109,1436.69,1376.73,517,23,0.0572,42,5,1090.99
MOB_28,Mobiles,1136,1506.63,1547.69,1442,51,0.0415,135,6,1535.42
MOB_29,Mobiles,1749,1953.01,1995.78,1012,45,0.0393,118,5,2127.42
MOB_30,Mobiles,266,340.45,335.29,563,120,0.1959,222,12,299.3
MOB_31,Mobiles,918,1325.98,1340.6,1105,44,0.0456,79,1,1360.63
MOB_32,Mobiles,1290,1564.04,1570.1,1265,95,0.073,278,9,1754.56
MOB_33,Mobiles,1591,2268.88,2186.2,1450,306,0.1914,517,3,1860.68
MOB_34,Mobiles,1656,2034.96,1983.59,1198,128,0.1208,271,8,1549.45
MOB_35,Mobiles,1827,2652.9,2544.95,1600,245,0.1391,534,8,2166.67
MOB_36,Mobiles,205,296.75,307.05,644,75,0.1061,152,2,325.28
MOB_37,Mobiles,1014,1203.75,1195.28,831,58,0.0776,134,3,1001.28
MOB_38,Mobiles,1193,1688.48,1755.03,408,66,0.1379,100,3,1749.63
MOB_39,Mobiles,201,300.84,298.67,772,65,0.0738,182,2,255.95
T-S_0,T-Shirts,712,806.67,819.94,605,90,0.1348,236,7,868.87
T-S_1,T-Shirts,1641,1867.58,1814.06,476,29,0.059,43,12,1480.39
T-S_2,T-Shirts,446,666.89,661.71,664,33,0.0607,89,2,523.17
T-S_3,T-Shirts,812,937.74,963.38,710,87,0.1458,204,10,1001.38
T-S_4,T-Shirts,1101,1365.76,1326.57,829,100,0.1271,182,2,1059.81
T-S_5,T-Shirts,452,603.79,596.79,1184,47,0.0446,76,9,500.12
T-S_6,T-Shirts,1676,2250.93,2313.72,517,69,0.1424,157,9,2195.28
T-S_7,T-Shirts,1002,1220.65,1166.28,888,32,0.0385,76,9,1066.66
T-S_8,T-Shirts,224,334.82,349.35,639,115,0.1784,266,3,371.44
T-S_9,T-Shirts,1777,2006.58,2024.11,387,8,0.0274,21,9,1932.81
T-S_10,T-Shirts,1659,2157.4,2139.16,1018,122,0.1156,233,5,1651.64
T-S_11,T-Shirts,616,917.67,886.04,1022,144,0.1295,363,2,743.58
T-S_12,T-Shirts,1095,1524.22,1577.03,465,78,0.1929,188,1,1539.86
T-S_13,T-Shirts,1718,2342.01,2266.05,460,54,0.1415,158,9,1962.83
T-S_14,T-Shirts,1884,2615.57,2528.46,724,131,0.1713,219,1,2160.7
T-S_15,T-Shirts,1079,1304.29,1247.41,556,46,0.1071,128,3,1047.34
T-S_16,T-Shirts,722,1017.54,1057.66,566,55,0.116,153,4,952.11
T-S_17,T-Shirts,945,1184.27,1142.83,481,90,0.1781,191,6,962.85
T-S_18,T-Shirts,1675,2056.86,2123.91,985,121,0.1458,222,9,2338.0
T-S_19,T-Shirts,1021,1151.25,1147.23,1085,68,0.0757,148,6,886.21
T-S_20,T-Shirts,1354,1914.29,1960.15,883,116,0.1295,308,4,2082.24
T-S_21,T-Shirts,1319,1852.13,1804.92,484,11,0.0237,26,12,1607.06
T-S_22,T-Shirts,886,975.12,990.46,865,92,0.1172,205,1,1101.33
T-S_23,T-Shirts,491,679.87,652.2,1012,114,0.1089,234,12,519.81
T-S_24,T-Shirts,395,514.36,521.42,1001,122,0.1239,359,4,510.95
T-S_25,T-Shirts,1942,2380.9,2452.52,990,60,0.071,108,10,2234.6
T-S_26,T-Shirts,416,484.95,483.3,1045,97,0.0842,211,8,382.6
T-S_27,T-Shirts,445,505.59,521.14,1156,145,0.1499,399,6,487.72
T-S_28,T-Shirts,1656,1986.02,1957.37,1189,96,0.0727,169,7,1753.01
T-S_29,T-Shirts,1338,1872.17,1825.34,1131,148,0.1588,235,4,1455.19
T-S_30,T-Shirts,1886,2376.8,2421.08,590,45,0.0678,68,2,2284.22
T-S_31,T-Shirts,1522,1944.16,1871.99,916,132,0.1826,380,7,1744.85
T-S_32,T-Shirts,1008,1308.84,1293.49,1106,55,0.058,105,3,967.33
T-S_33,T-Shirts,1468,1977.09,2006.21,1370,138,0.1209,264,3,2003.93
T-S_34,T-Shirts,1516,2204.05,2209.74,524,79,0.1612,183,8,2231.88
T-S_35,T-Shirts,1358,1766.7,1746.98,622,62,0.1261,168,5,1336.75
T-S_36,T-Shirts,1166,1529.53,1570.34,1042,44,0.039,83,12,1411.33
T-S_37,T-Shirts,649,863.35,905.02,1125,240,0.1793,423,10,885.17
T-S_38,T-Shirts,1711,2359.56,2457.24,494,45,0.0868,77,4,2587.28
T-S_39,T-Shirts,1859,2700.48,2698.38,898,19,0.0268,45,1,2189.04
JEA_0,Jeans,201,247.77,250.6,624,37,0.0525,103,1,228.06
JEA_1,Jeans,1401,1936.01,1866.63,713,137,0.1687,282,11,1625.74
JEA_2,Jeans,406,501.26,492.37,789,79,0.0969,176,6,388.95
JEA_3,Jeans,1350,1859.52,1939.26,1004,119,0.1314,233,12,1846.5
JEA_4,Jeans,563,783.43,818.59,1369,243,0.1659,430,6,894.63
JEA_5,Jeans,1452,1725.5,1736.81,1212,169,0.1552,502,3,1846.64
JEA_6,Jeans,381,544.32,553.57,1063,67,0.0689,107,5,586.45
JEA_7,Jeans,1675,1843.36,1822.33,1495,261,0.1772,539,9,1532.06
JEA_8,Jeans,1897,2450.54,2539.75,744,30,0.0345,58,6,2361.69
JEA_9,Jeans,414,467.69,452.26,1009,37,0.0324,109,6,386.43
JEA_10,Jeans,1456,2121.81,2165.2,1510,90,0.0507,156,2,2086.79
JEA_11,Jeans,589,744.33,748.36,1003,62,0.0739,129,9,809.66
JEA_12,Jeans,514,576.61,548.0,531,69,0.1323,124,1,455.41
JEA_13,Jeans,1507,1833.6,1756.94,587,49,0.0877,122,2,1555.72
JEA_14,Jeans,993,1165.73,1210.67,1011,29,0.0291,54,5,1190.87
JEA_15,Jeans,509,713.06,725.0,613,101,0.1682,266,4,756.33
JEA_16,Jeans,1921,2410.55,2415.99,1607,313,0.189,580,5,2336.55
JEA_17,Jeans,1948,2699.39,2699.96,1633,243,0.142,408,8,2635.41
JEA_18,Jeans,542,806.97,831.86,537,20,0.0352,36,11,758.52
JEA_19,Jeans,1418,1706.07,1776.16,448,59,0.1251,164,9,1758.63
JEA_20,Jeans,1988,2196.63,2240.65,1635,58,0.0411,136,10,2334.73
JEA_21,Jeans,405,595.34,599.07,675,138,0.1772,388,5,617.07
JEA_22,Jeans,1194,1586.6,1582.32,684,32,0.0458,81,1,1264.63
JEA_23,Jeans,2000,2465.2,2400.51,1604,223,0.1767,607,5,1996.52
JEA_24,Jeans,1926,2497.34,2546.33,714,41,0.0622,107,6,2423.21
JEA_25,Jeans,1053,1413.12,1355.08,1153,195,0.1614,514,6,1279.38
JEA_26,Jeans,1255,1777.83,1700.6,1381,204,0.1535,480,3,1408.81
JEA_27,Jeans,1905,2248.45,2148.98,458,83,0.1771,158,8,1922.97
JEA_28,Jeans,1501,2205.31,2245.26,849,97,0.1292,272,10,2304.32
JEA_29,Jeans,905,1054.69,1096.3,534,44,0.0931,103,4,1157.95
JEA_30,Jeans,1525,1814.82,1761.6,1244,244,0.1705,615,8,1686.93
JEA_31,Jeans,1525,1783.15,1836.8,773,124,0.1699,365,11,1785.0
JEA_32,Jeans,971,1398.86,1393.12,834,132,0.1413,276,2,1068.7
JEA_33,Jeans,1556,2313.14,2391.64,899,31,0.0408,92,11,2255.34
JEA_34,Jeans,767,923.82,943.32,884,93,0.1155,147,10,934.7
JEA_35,Jeans,854,1171.95,1197.88,1700,114,0.0682,237,1,1215.38
JEA_36,Jeans,1371,1955.6,1924.93,918,118,0.1328,343,6,1642.29
JEA_37,Jeans,1931,2255.4,2290.95,706,83,0.1064,214,9,2457.73
JEA_38,Jeans,574,848.81,882.73,517,38,0.0626,80,6,845.26
JEA_39,Jeans,1399,1703.45,1763.28,1119,166,0.1389,403,8,1917.84
SUN_0,Sunglasses,1224,1405.06,1430.45,1365,48,0.0303,81,4,1375.2
SUN_1,Sunglasses,1366,1990.45,2087.32,642,116,0.1561,258,11,2302.57
SUN_2,Sunglasses,841,1138.55,1082.16,848,125,0.1514,217,2,889.95
SUN_3,Sunglasses,1088,1472.49,1458.26,1312,30,0.0265,61,1,1281.24
SUN_4,Sunglasses,1750,2508.26,2430.65,428,28,0.0628,56,3,1892.48
SUN_5,Sunglasses,1230,1642.63,1587.93,453,33,0.0699,79,6,1332.09
SUN_6,Sunglasses,1606,2406.09,2368.25,1324,81,0.0531,233,7,1779.66
SUN_7,Sunglasses,659,916.58,882.78,459,20,0.0486,49,1,726.64
SUN_8,Sunglasses,1511,1816.7,1823.01,517,12,0.0287,33,1,1898.77
SUN_9,Sunglasses,1053,1345.45,1294.81,907,43,0.0458,105,5,1078.16
SUN_10,Sunglasses,406,554.19,541.44,657,114,0.1776,276,5,435.75
SUN_11,Sunglasses,417,541.72,547.62,1062,199,0.1973,420,3,519.46
SUN_12,Sunglasses,1216,1780.4,1813.91,1290,29,0.0209,82,10,1853.0
SUN_13,Sunglasses,505,747.29,768.18,602,21,0.0393,38,5,719.49
SUN_14,Sunglasses,302,344.26,333.06,547,46,0.0821,98,2,261.08
SUN_15,Sunglasses,1752,2551.12,2426.03,727,31,0.0482,66,10,1977.45
SUN_16,Sunglasses,1701,1934.34,1995.26,654,62,0.0949,170,12,2128.88
SUN_17,Sunglasses,1838,2331.86,2421.9,626,80,0.1509,233,3,2229.36
SUN_18,Sunglasses,1409,1821.94,1834.5,1131,95,0.089,146,11,2009.79
SUN_19,Sunglasses,1689,2515.56,2422.65,1182,84,0.0906,158,6,1864.58
SUN_20,Sunglasses,1978,2712.18,2784.74,1022,141,0.1443,322,12,2891.23
SUN_21,Sunglasses,1086,1482.05,1444.79,1180,130,0.132,356,10,1124.63
SUN_22,Sunglasses,1517,2235.68,2236.92,1552,227,0.1766,507,4,2254.85
SUN_23,Sunglasses,769,861.39,837.5,1129,65,0.0606,175,8,645.98
SUN_24,Sunglasses,1220,1560.17,1500.68,1557,32,0.0223,49,9,1132.02
SUN_25,Sunglasses,386,546.85,572.18,1182,166,0.1268,362,6,554.31
SUN_26,Sunglasses,311,443.68,458.96,1104,153,0.1361,380,12,457.74
SUN_27,Sunglasses,399,560.09,544.51,1035,146,0.1303,338,6,490.84
SUN_28,Sunglasses,293,427.41,427.09,1043,118,0.1299,341,7,336.16
SUN_29,Sunglasses,1888,2666.93,2724.75,683,21,0.029,52,2,2838.03
SUN_30,Sunglasses,1122,1439.48,1452.34,1222,138,0.1108,217,7,1589.1
SUN_31,Sunglasses,1189,1747.53,1796.65,820,50,0.0527,82,11,1815.28
SUN_32,Sunglasses,859,1118.11,1105.21,825,185,0.1912,403,3,899.53
SUN_33,Sunglasses,1433,1977.55,2026.68,1150,132,0.1216,343,9,2099.89
SUN_34,Sunglasses,611,723.35,738.86,1293,64,0.0448,189,3,734.66
SUN_35,Sunglasses,1621,2196.05,2242.24,1148,175,0.1275,448,11,2410.32
SUN_36,Sunglasses,1923,2525.98,2621.33,1421,141,0.1184,242,11,2370.5
SUN_37,Sunglasses,746,1044.46,1009.05,1058,37,0.0448,99,4,889.46
SUN_38,Sunglasses,266,330.76,329.19,942,101,0.1205,270,12,263.56
SUN_39,Sunglasses,1560,1745.32,1724.65,1481,261,0.1933,607,1,1561.07
BAC_0,Backpacks,615,829.16,852.45,1479,311,0.1892,768,10,889.68
BAC_1,Backpacks,1435,1691.27,1729.31,730,42,0.0531,74,3,1801.35
BAC_2,Backpacks,444,555.39,551.42,801,89,0.1242,177,12,503.32
BAC_3,Backpacks,281,326.38,320.59,559,81,0.1302,158,10,278.05
BAC_4,Backpacks,349,493.35,484.36,1005,122,0.1116,212,9,415.7
BAC_5,Backpacks,388,481.03,499.47,1006,93,0.0756,225,8,543.47
BAC_6,Backpacks,1886,2642.01,2681.46,676,81,0.1017,196,10,2596.75
BAC_7,Backpacks,281,385.82,378.91,603,62,0.1151,177,6,321.47
BAC_8,Backpacks,1241,1586.27,1513.91,736,19,0.0332,56,9,1289.81
BAC_9,Backpacks,1483,1670.14,1698.59,958,80,0.098,184,12,1841.62
BAC_10,Backpacks,1718,2422.52,2458.02,601,29,0.0484,57,2,2247.83
BAC_11,Backpacks,564,799.57,804.21,1008,93,0.0939,195,6,742.31
BAC_12,Backpacks,1578,1810.47,1721.01,583,71,0.1192,114,9,1395.22
BAC_13,Backpacks,1811,2488.95,2515.47,1079,104,0.0998,259,8,2384.89
BAC_14,Backpacks,650,750.46,742.28,1188,57,0.0454,163,12,629.25
BAC_15,Backpacks,222,293.35,294.97,532,63,0.1238,146,2,291.91
BAC_16,Backpacks,1732,2418.86,2473.51,803,114,0.1393,198,4,2580.83
BAC_17,Backpacks,717,844.43,817.52,582,122,0.1818,267,9,666.44
BAC_18,Backpacks,1575,1774.94,1703.62,1649,136,0.0809,251,5,1498.86
BAC_19,Backpacks,596,731.36,727.75,1105,53,0.0472,143,7,556.14
BAC_20,Backpacks,841,1007.91,979.84,1177,100,0.0823,199,8,825.84
BAC_21,Backpacks,934,1316.85,1315.13,541,79,0.129,220,3,1198.13
BAC_22,Backpacks,602,725.59,753.62,606,134,0.1876,327,10,785.93
BAC_23,Backpacks,1775,2371.43,2467.78,949,203,0.2079,540,6,2469.35
BAC_24,Backpacks,1781,2379.13,2464.1,664,76,0.1159,171,11,2332.31
BAC_25,Backpacks,1851,2763.06,2813.94,1243,64,0.0496,150,3,2938.13
BAC_26,Backpacks,1190,1756.05,1675.35,1247,68,0.0645,170,9,1550.47
BAC_27,Backpacks,939,1178.67,1227.93,403,50,0.1424,147,11,1303.14
BAC_28,Backpacks,1909,2666.42,2687.39,718,66,0.0888,187,2,2749.08
BAC_29,Backpacks,970,1444.4,1404.38,1158,191,0.1713,424,10,1105.91
BAC_30,Backpacks,484,617.56,600.89,1536,73,0.0565,149,12,534.73
BAC_31,Backpacks,1553,1851.39,1909.0,627,62,0.1095,107,7,1724.24
BAC_32,Backpacks,288,331.53,334.59,709,20,0.0273,31,5,362.58
BAC_33,Backpacks,1258,1865.99,1884.53,504,87,0.1525,254,4,1942.68
BAC_34,Backpacks,1165,1685.66,1630.13,1291,222,0.1577,393,11,1438.59
BAC_35,Backpacks,543,754.59,742.72,1379,41,0.0319,69,1,574.07
BAC_36,Backpacks,1960,2868.92,2921.81,735,45,0.0529,107,9,2923.56
BAC_37,Backpacks,440,500.4,508.38,465,81,0.162,184,6,566.02
BAC_38,Backpacks,1628,2135.82,2078.04,1547,134,0.0862,350,12,1791.01
BAC_39,Backpacks,1071,1235.46,1232.64,1019,36,0.035,83,5,939.18
SPE_0,Speakers,1652,2308.6,2194.81,1245,25,0.0202,63,6,1826.86
SPE_1,Speakers,418,485.68,493.04,831,102,0.1183,246,11,493.24
SPE_2,Speakers,617,780.68,802.83,1209,153,0.1241,456,10,785.09
SPE_3,Speakers,1644,2070.21,1995.28,706,71,0.0968,123,4,1721.49
SPE_4,Speakers,1809,2234.79,2246.09,437,68,0.1946,111,3,2325.86
SPE_5,Speakers,1429,1820.76,1741.39,809,104,0.124,301,7,1561.63
SPE_6,Speakers,1267,1538.88,1610.21,609,118,0.1754,254,4,1742.5
SPE_7,Speakers,1846,2413.2,2339.54,1454,73,0.0598,113,4,2027.89
SPE_8,Speakers,522,592.33,579.06,1146,103,0.0891,234,12,509.78
SPE_9,Speakers,384,506.82,518.28,1044,162,0.1706,477,8,576.0
SPE_10,Speakers,1377,1517.26,1467.95,1209,34,0.032,99,9,1338.65
SPE_11,Speakers,1994,2622.43,2699.37,982,206,0.1996,546,6,3044.6
SPE_12,Speakers,1139,1563.43,1625.42,452,30,0.069,80,4,1650.98
SPE_13,Speakers,670,951.44,943.11,1130,27,0.0216,50,2,752.45
SPE_14,Speakers,1733,2475.47,2370.52,757,67,0.0801,127,12,2121.04
SPE_15,Speakers,589,765.46,742.47,1028,48,0.0555,89,10,605.15
SPE_16,Speakers,1795,2051.1,2137.28,1472,256,0.1642,400,8,2102.52
SPE_17,Speakers,845,1095.91,1149.1,958,242,0.2068,464,4,1237.95
SPE_18,Speakers,462,518.21,533.72,1621,41,0.0266,114,3,517.67
SPE_19,Speakers,446,615.17,612.71,335,19,0.0577,37,10,538.98
SPE_20,Speakers,583,769.22,749.0,1615,109,0.0796,232,7,656.28
SPE_21,Speakers,962,1198.68,1186.76,1153,50,0.0432,92,2,1017.58
SPE_22,Speakers,1846,2204.72,2189.78,1036,183,0.1629,404,1,1758.97
SPE_23,Speakers,1223,1411.08,1466.57,1477,121,0.0799,227,10,1314.98
SPE_24,Speakers,402,553.24,528.9,911,108,0.1275,216,6,449.35
SPE_25,Speakers,1341,1974.94,1927.09,424,35,0.0812,84,10,1653.58
SPE_26,Speakers,1529,2011.21,2107.62,925,142,0.1479,369,2,2053.79
SPE_27,Speakers,786,1010.4,1056.53,784,155,0.1957,374,7,1145.02
SPE_28,Speakers,346,391.55,385.43,965,61,0.0713,150,5,345.53
SPE_29,Speakers,1799,2599.78,2564.21,1738,139,0.0932,213,12,2028.5
SPE_30,Speakers,715,1055.47,1076.65,497,39,0.0933,113,8,1090.78
SPE_31,Speakers,253,356.32,357.17,479,52,0.1316,150,7,353.9
SPE_32,Speakers,706,984.9,979.3,560,76,0.17,189,6,888.34
SPE_33,Speakers,1156,1722.43,1729.42,975,51,0.0445,117,10,1783.6
SPE_34,Speakers,1492,2088.15,2166.93,1302,175,0.1402,353,9,2053.8
SPE_35,Speakers,383,488.99,482.43,803,17,0.0216,44,3,381.99
SPE_36,Speakers,1160,1524.29,1552.91,1658,146,0.1079,313,5,1594.91
SPE_37,Speakers,1831,2019.39,1993.87,1433,124,0.0974,318,11,1631.15
SPE_38,Speakers,974,1157.34,1108.64,895,140,0.1571,355,5,937.97
SPE_39,Speakers,1721,2259.29,2207.06,895,41,0.0516,100,10,1821.11
TAB_0,Tablets,1634,2204.43,2135.61,377,55,0.1885,162,5,1774.16
TAB_1,Tablets,1664,2122.21,2017.84,502,46,0.1035,90,8,1931.0
TAB_2,Tablets,1149,1584.21,1510.03,641,91,0.1823,242,2,1346.37
TAB_3,Tablets,571,672.0,694.95,1336,66,0.0434,123,8,647.47
TAB_4,Tablets,268,316.15,323.59,597,121,0.2014,305,5,364.63
TAB_5,Tablets,524,708.27,675.84,1244,111,0.1017,226,1,628.17
TAB_6,Tablets,646,962.09,936.69,1198,51,0.0488,85,4,705.16
TAB_7,Tablets,286,381.08,388.35,680,22,0.0368,36,10,372.34
TAB_8,Tablets,1755,2369.34,2265.04,772,97,0.1553,179,9,2099.33
TAB_9,Tablets,1749,2166.88,2251.78,642,66,0.0914,123,1,2227.14
TAB_10,Tablets,1096,1450.68,1456.88,1228,62,0.0538,161,5,1580.94
TAB_11,Tablets,1426,2090.22,2101.62,547,62,0.1014,143,8,1945.48
TAB_12,Tablets,1506,1961.39,2007.22,458,42,0.0875,83,2,2079.15
TAB_13,Tablets,1303,1860.19,1802.5,1568,64,0.0463,135,6,1393.22
TAB_14,Tablets,1271,1733.08,1654.01,579,11,0.0245,19,1,1416.17
TAB_15,Tablets,1912,2400.4,2397.98,757,49,0.0597,74,4,2028.2
TAB_16,Tablets,1904,2155.3,2220.18,494,93,0.1585,254,12,2075.87
TAB_17,Tablets,1463,1764.86,1683.79,616,16,0.0325,36,2,1489.84
TAB_18,Tablets,1288,1615.32,1565.75,934,171,0.1847,399,12,1272.02
TAB_19,Tablets,1507,2005.25,2040.24,1469,66,0.0509,138,6,2096.31
TAB_20,Tablets,1293,1938.69,1927.64,1301,183,0.1183,506,7,1719.03
TAB_21,Tablets,1081,1546.33,1519.03,914,57,0.0575,164,5,1230.55
TAB_22,Tablets,1126,1440.15,1425.33,560,70,0.1259,209,5,1087.1
TAB_23,Tablets,654,775.6,761.24,1126,124,0.11,292,2,586.37
TAB_24,Tablets,928,1078.75,1053.4,813,107,0.1621,224,4,948.02
TAB_25,Tablets,1681,2067.42,2063.81,1581,233,0.1439,666,10,1795.0
TAB_26,Tablets,276,384.28,387.21,622,109,0.1874,307,7,397.73
TAB_27,Tablets,1977,2270.02,2331.4,445,51,0.1374,116,6,2366.82
TAB_28,Tablets,506,622.75,635.07,584,88,0.1547,190,10,660.7
TAB_29,Tablets,384,456.51,446.91,1037,79,0.0788,206,9,368.07
TAB_30,Tablets,374,471.02,467.93,736,68,0.1059,142,10,366.18
TAB_31,Tablets,1461,2189.79,2195.1,742,110,0.1602,317,2,2109.94
TAB_32,Tablets,1047,1329.08,1308.92,990,146,0.1359,256,6,1148.15
TAB_33,Tablets,1844,2354.57,2271.18,574,35,0.0598,60,12,2062.66
TAB_34,Tablets,430,600.21,584.79,805,103,0.1633,261,2,483.59
TAB_35,Tablets,1164,1290.99,1253.42,734,71,0.1109,157,12,1175.63
TAB_36,Tablets,1623,2238.93,2131.1,1208,50,0.0482,134,10,1735.74
TAB_37,Tablets,1152,1568.91,1491.77,1271,186,0.1325,379,2,1196.66
TAB_38,Tablets,1976,2871.84,2839.25,1183,198,0.1461,440,10,2457.08
TAB_39,Tablets,581,685.32,717.31,362,68,0.1947,151,12,674.28
CAM_0,Cameras,910,1250.09,1232.01,911,173,0.1932,470,11,1019.37
CAM_1,Cameras,992,1444.51,1489.99,541,97,0.1968,195,7,1569.99
CAM_2,Cameras,379,527.55,528.64,836,100,0.1234,196,10,527.82
CAM_3,Cameras,1310,1510.05,1533.07,932,78,0.0768,178,3,1526.31
CAM_4,Cameras,1777,2057.87,2146.98,670,103,0.1255,172,6,2298.96
CAM_5,Cameras,498,692.63,711.01,1477,127,0.0766,347,11,772.06
CAM_6,Cameras,760,882.19,854.66,584,90,0.1523,171,10,763.31
CAM_7,Cameras,1421,1695.07,1726.83,944,134,0.1634,371,8,1842.19
CAM_8,Cameras,965,1132.51,1119.76,1171,50,0.0542,132,1,998.84
CAM_9,Cameras,1045,1242.53,1263.82,899,34,0.0325,101,10,1254.1
CAM_10,Cameras,865,1251.4,1299.9,1226,39,0.0286,80,6,1236.6
CAM_11,Cameras,1720,2285.49,2293.75,481,55,0.1017,85,4,2372.73
CAM_12,Cameras,1010,1508.47,1438.97,1200,119,0.1274,230,7,1347.88
CAM_13,Cameras,1784,2552.99,2543.12,1160,229,0.1847,653,8,2338.32
CAM_14,Cameras,1125,1278.2,1278.28,853,173,0.1888,294,7,1308.09
CAM_15,Cameras,251,294.06,296.72,937,32,0.0366,79,12,314.69
CAM_16,Cameras,1671,2328.21,2233.03,1390,48,0.0339,124,9,1928.98
CAM_17,Cameras,527,659.53,651.66,872,110,0.1203,189,3,517.09
CAM_18,Cameras,1658,1857.83,1822.17,1202,70,0.0515,205,1,1555.95
CAM_19,Cameras,718,793.31,793.12,1445,35,0.021,64,10,660.84
CAM_20,Cameras,1129,1427.12,1367.1,370,42,0.1135,98,4,1082.91
CAM_21,Cameras,503,564.38,555.86,795,122,0.1379,237,2,434.42
CAM_22,Cameras,1053,1576.86,1523.46,1025,143,0.1396,383,3,1451.28
CAM_23,Cameras,1734,2308.97,2408.6,653,64,0.0815,174,7,2540.06
CAM_24,Cameras,332,404.09,389.32,896,69,0.091,125,1,306.62
CAM_25,Cameras,1694,2527.01,2534.32,575,97,0.1444,289,5,2616.17
CAM_26,Cameras,1936,2374.69,2380.72,1316,172,0.1309,446,8,2464.1
CAM_27,Cameras,568,825.57,803.5,1184,18,0.0197,43,2,695.77
CAM_28,Cameras,624,885.97,930.18,1020,104,0.0871,189,11,858.5
CAM_29,Cameras,776,932.57,892.27,1016,58,0.0749,146,6,746.18
CAM_30,Cameras,1365,1837.83,1751.29,666,120,0.1621,266,8,1662.92
CAM_31,Cameras,1522,1756.85,1696.31,1553,157,0.1126,420,7,1583.57
CAM_32,Cameras,314,450.29,441.25,1069,24,0.0229,47,6,331.75
CAM_33,Cameras,505,612.15,583.45,1227,196,0.1636,408,10,479.28
CAM_34,Cameras,1802,2523.91,2575.72,1131,67,0.0703,188,6,2544.06
CAM_35,Cameras,819,971.71,952.5,597,13,0.0262,21,9,709.25
CAM_36,Cameras,1188,1736.83,1676.75,1281,182,0.1466,484,3,1542.37
CAM_37,Cameras,401,572.97,598.07,591,16,0.0277,44,2,520.34
CAM_38,Cameras,290,398.7,402.46,539,83,0.1818,219,12,401.48
CAM_39,Cameras,1382,1939.5,1966.43,769,39,0.0554,77,8,2036.4
POW_0,Power Banks,758,879.07,859.17,510,49,0.118,113,9,702.14
POW_1,Power Banks,489,722.41,744.37,782,73,0.0784,168,1,687.7
POW_2,Power Banks,1164,1700.97,1624.5,973,74,0.0924,177,10,1435.83
POW_3,Power Banks,1613,2225.53,2251.42,969,60,0.0563,162,2,2481.63
POW_4,Power Banks,1747,2455.88,2472.53,663,123,0.1868,268,11,2667.45
POW_5,Power Banks,1769,2275.21,2214.16,735,113,0.1764,231,3,2001.96
POW_6,Power Banks,1562,1924.59,1994.03,1045,28,0.0264,56,8,2074.22
POW_7,Power Banks,778,1094.78,1106.21,662,68,0.094,112,9,1162.25
POW_8,Power Banks,1822,2224.38,2215.7,1115,61,0.0636,135,2,1758.16
POW_9,Power Banks,1866,2570.65,2552.95,1325,114,0.081,200,11,1943.66
POW_10,Power Banks,1657,2203.27,2200.32,1253,45,0.0375,88,7,1632.59
POW_11,Power Banks,422,579.91,585.5,1094,125,0.1374,228,3,646.24
POW_12,Power Banks,1746,2364.88,2246.68,745,62,0.0965,150,8,1832.2
POW_13,Power Banks,1595,2314.3,2267.95,1194,235,0.1848,675,2,2020.98
POW_14,Power Banks,1452,2170.11,2149.32,754,26,0.0309,76,1,1830.06
POW_15,Power Banks,1880,2803.98,2694.54,1119,69,0.0599,144,6,2392.26
POW_16,Power Banks,1031,1291.46,1297.29,747,38,0.0541,109,7,1220.51
POW_17,Power Banks,1987,2718.27,2618.86,578,28,0.0442,69,3,2030.2
POW_18,Power Banks,1515,2154.9,2232.51,1333,141,0.1055,384,7,2158.94
POW_19,Power Banks,580,736.55,700.27,1616,91,0.0595,192,9,610.87
POW_20,Power Banks,268,399.67,402.39,975,113,0.1074,193,12,415.75
POW_21,Power Banks,1959,2925.7,3007.29,1361,171,0.1174,319,11,3182.73
POW_22,Power Banks,1569,1774.9,1798.63,1085,206,0.1851,312,8,1880.75
POW_23,Power Banks,1160,1542.32,1516.33,1328,192,0.1609,298,10,1365.64
POW_24,Power Banks,1688,2386.85,2329.67,1411,175,0.1202,339,12,2047.97
POW_25,Power Banks,787,1018.3,980.3,635,35,0.0674,67,5,750.69
POW_26,Power Banks,428,574.17,597.72,754,61,0.0901,163,4,586.33
POW_27,Power Banks,1837,2408.23,2295.79,678,88,0.1213,242,7,2129.6
POW_28,Power Banks,687,937.25,958.43,656,97,0.1556,238,2,891.23
POW_29,Power Banks,1150,1448.42,1419.65,1331,174,0.1402,329,9,1305.56
POW_30,Power Banks,224,272.28,280.38,1266,278,0.1989,434,9,298.19
POW_31,Power Banks,1929,2455.07,2557.7,894,55,0.0709,136,7,2480.93
POW_32,Power Banks,1582,2214.22,2266.1,805,143,0.1453,281,1,2412.82
POW_33,Power Banks,1903,2145.03,2125.99,1241,108,0.0994,207,4,1606.89
POW_34,Power Banks,1468,1668.79,1741.97,996,158,0.1408,265,10,1618.81
POW_35,Power Banks,1544,2170.16,2202.26,901,121,0.1474,266,2,2320.25
POW_36,Power Banks,766,1078.33,1099.06,958,145,0.1636,231,7,1089.56
POW_37,Power Banks,323,388.66,400.82,745,100,0.1119,241,3,416.07
POW_38,Power Banks,422,488.49,501.62,885,35,0.0402,66,1,452.07
POW_39,Power Banks,1370,1905.69,1958.52,507,26,0.0481,75,11,1892.63
SMA_0,Smartwatches,510,703.81,732.29,409,83,0.1968,178,12,788.61
SMA_1,Smartwatches,1808,2039.5,1983.59,1402,220,0.1627,517,6,1670.06
SMA_2,Smartwatches,820,1033.4,1047.07,553,92,0.1759,254,5,1117.05
SMA_3,Smartwatches,561,741.52,776.19,727,60,0.0944,151,8,696.79
SMA_4,Smartwatches,1495,1906.41,1847.21,414,60,0.1449,134,2,1702.16
SMA_5,Smartwatches,1517,1855.43,1861.73,1566,33,0.023,66,12,1696.43
SMA_6,Smartwatches,442,523.62,531.68,1446,243,0.1442,418,10,520.65
SMA_7,Smartwatches,347,386.82,372.96,433,61,0.1786,155,3,294.16
SMA_8,Smartwatches,1495,1674.37,1642.11,588,29,0.0497,79,2,1259.0
SMA_9,Smartwatches,1418,2013.09,1956.84,790,147,0.1614,370,6,1592.19
SMA_10,Smartwatches,1601,2129.95,2052.7,924,101,0.1222,169,3,1865.17
SMA_11,Smartwatches,544,749.91,753.92,1164,125,0.1254,335,11,791.48
SMA_12,Smartwatches,1792,2084.28,2163.4,453,21,0.0543,52,5,2077.86
SMA_13,Smartwatches,1853,2625.51,2619.21,581,78,0.1348,165,3,2254.92
SMA_14,Smartwatches,277,370.77,378.82,609,96,0.1644,144,4,364.38
SMA_15,Smartwatches,1285,1915.57,1938.35,1277,220,0.1605,421,4,1858.52
SMA_16,Smartwatches,505,693.92,726.44,1369,85,0.051,134,6,676.46
SMA_17,Smartwatches,1090,1308.6,1323.89,1085,199,0.1551,351,1,1376.48
SMA_18,Smartwatches,437,493.09,480.04,1358,89,0.0766,223,6,382.35
SMA_19,Smartwatches,425,522.94,501.92,1428,102,0.0841,225,8,391.27
SMA_20,Smartwatches,1092,1264.51,1318.62,1159,108,0.091,193,6,1423.49
SMA_21,Smartwatches,614,757.89,722.43,476,17,0.0381,36,6,580.01
SMA_22,Smartwatches,804,1078.53,1109.76,771,86,0.123,182,9,1112.22
SMA_23,Smartwatches,643,859.45,888.41,782,93,0.1003,174,7,904.26
SMA_24,Smartwatches,1411,2086.16,2172.48,396,14,0.0291,36,9,1911.63
SMA_25,Smartwatches,1287,1618.7,1668.83,588,40,0.0653,60,12,1620.89
SMA_26,Smartwatches,646,744.89,729.68,471,54,0.1376,118,10,652.27
SMA_27,Smartwatches,249,371.15,369.8,785,80,0.0926,164,8,320.84
SMA_28,Smartwatches,202,291.72,279.2,1094,80,0.0702,203,10,241.81
SMA_29,Smartwatches,1827,2161.08,2200.99,1189,43,0.0304,108,1,2014.56
SMA_30,Smartwatches,948,1219.26,1163.28,1000,90,0.115,230,4,935.41
SMA_31,Smartwatches,885,1057.98,1017.1,1509,248,0.1494,633,12,945.43
SMA_32,Smartwatches,856,1062.37,1037.65,1153,32,0.0307,71,9,915.34
SMA_33,Smartwatches,1162,1608.13,1636.8,1729,171,0.1032,429,12,1758.11
SMA_34,Smartwatches,334,392.56,407.63,480,86,0.1886,252,2,385.93
SMA_35,Smartwatches,429,591.52,591.3,824,100,0.1329,295,9,537.47
SMA_36,Smartwatches,1170,1449.26,1441.12,406,14,0.0312,25,9,1208.38
SMA_37,Smartwatches,1043,1388.74,1410.37,1062,155,0.142,360,8,1392.75
SMA_38,Smartwatches,470,685.88,672.61,830,63,0.0853,174,3,547.74
SMA_39,Smartwatches,1133,1679.66,1699.59,790,68,0.0722,187,12,1862.5
SHO_0,Shoes Premium,1827,2121.87,2066.26,579,66,0.1202,135,4,1792.18
SHO_1,Shoes Premium,271,370.25,387.95,666,74,0.1228,144,1,375.29
SHO_2,Shoes Premium,1222,1719.85,1796.86,909,196,0.2033,443,11,1906.34
SHO_3,Shoes Premium,1170,1706.32,1786.45,785,152,0.1582,305,2,1889.08
SHO_4,Shoes Premium,282,325.93,327.59,834,98,0.1318,199,6,307.39
SHO_5,Shoes Premium,1513,1782.4,1787.11,851,34,0.0351,85,2,1975.42
SHO_6,Shoes Premium,1007,1186.02,1164.41,1703,284,0.1802,489,7,981.87
SHO_7,Shoes Premium,963,1064.0,1047.5,1226,176,0.1746,456,8,940.35
SHO_8,Shoes Premium,1051,1493.97,1462.39,1383,142,0.0926,340,3,1168.65
SHO_9,Shoes Premium,1172,1752.55,1756.98,897,191,0.1933,311,7,1916.26
SHO_10,Shoes Premium,759,960.75,966.11,598,94,0.1708,210,5,1073.38
SHO_11,Shoes Premium,822,1066.66,1092.24,696,13,0.0209,38,11,1066.75
SHO_12,Shoes Premium,1539,2102.84,2058.19,764,94,0.1408,157,5,1757.44
SHO_13,Shoes Premium,336,450.09,443.87,1420,255,0.1739,564,12,408.78
SHO_14,Shoes Premium,964,1258.03,1267.5,805,23,0.0308,64,3,1232.62
SHO_15,Shoes Premium,308,372.39,369.39,925,69,0.0719,111,4,322.56
SHO_16,Shoes Premium,575,808.38,816.36,754,153,0.1788,386,5,818.39
SHO_17,Shoes Premium,1629,2240.43,2149.88,1264,26,0.0214,53,8,1774.38
SHO_18,Shoes Premium,533,608.14,587.13,965,150,0.1575,380,9,550.51
SHO_19,Shoes Premium,1659,2190.62,2246.77,612,100,0.1896,169,1,2288.59
SHO_20,Shoes Premium,838,1153.44,1111.8,1508,197,0.123,396,12,930.15
SHO_21,Shoes Premium,1724,2458.13,2389.88,742,46,0.0732,136,7,2089.01
SHO_22,Shoes Premium,1805,2066.16,1966.74,1534,32,0.0263,86,9,1696.9
SHO_23,Shoes Premium,1160,1331.18,1298.3,492,8,0.0213,13,10,1008.31
SHO_24,Shoes Premium,609,714.91,704.3,502,68,0.152,161,6,560.18
SHO_25,Shoes Premium,1225,1730.09,1749.63,1474,58,0.0383,88,4,1826.07
SHO_26,Shoes Premium,777,908.09,931.16,485,17,0.0387,38,12,913.0
SHO_27,Shoes Premium,1629,2175.94,2162.81,539,42,0.0834,76,4,1758.5
SHO_28,Shoes Premium,1759,2627.67,2528.77,629,60,0.1051,115,12,1977.28
SHO_29,Shoes Premium,871,1130.11,1117.09,1388,122,0.0753,264,9,916.57
SHO_30,Shoes Premium,1951,2480.08,2568.56,1615,120,0.0892,301,11,2335.16
SHO_31,Shoes Premium,1097,1436.04,1461.39,552,54,0.0937,89,3,1349.5
SHO_32,Shoes Premium,607,749.92,757.04,1041,197,0.1725,377,12,834.65
SHO_33,Shoes Premium,1415,1711.0,1760.53,1148,200,0.1441,596,9,1720.81
SHO_34,Shoes Premium,1772,2271.45,2185.63,1400,147,0.1281,242,1,2013.48
SHO_35,Shoes Premium,1220,1672.92,1751.89,1232,98,0.0826,238,2,1768.02
SHO_36,Shoes Premium,1264,1778.48,1830.54,745,86,0.1128,198,9,1857.23
SHO_37,Shoes Premium,1764,1962.7,1949.04,613,44,0.0761,96,1,1508.22
SHO_38,Shoes Premium,1550,2238.42,2194.33,733,33,0.0433,73,2,1846.05
SHO_39,Shoes Premium,1204,1642.29,1672.73,1348,243,0.177,507,8,1762.63
FOR_0,Formal Shoes,973,1310.41,1291.12,911,18,0.0247,49,6,1121.48
FOR_1,Formal Shoes,1395,1549.51,1610.15,1045,131,0.1009,277,1,1659.63
FOR_2,Formal Shoes,707,844.05,828.19,667,18,0.0312,36,1,687.31
FOR_3,Formal Shoes,276,354.48,367.36,1687,132,0.0705,314,6,353.93
FOR_4,Formal Shoes,999,1227.74,1178.35,1176,143,0.1358,322,11,994.02
FOR_5,Formal Shoes,1459,1779.7,1863.24,812,171,0.1806,472,9,1783.94
FOR_6,Formal Shoes,743,831.43,872.69,1372,236,0.139,608,10,803.47
FOR_7,Formal Shoes,889,1075.11,1082.25,1472,96,0.0581,237,5,1097.16
FOR_8,Formal Shoes,814,1036.36,1040.5,781,51,0.0655,127,9,989.16
FOR_9,Formal Shoes,238,321.57,322.09,806,55,0.0584,143,8,312.92
FOR_10,Formal Shoes,1506,1977.51,2000.14,1511,192,0.1525,345,8,1908.26
FOR_11,Formal Shoes,508,710.48,729.35,1244,266,0.1795,651,7,720.81
FOR_12,Formal Shoes,787,1069.07,1043.03,849,28,0.0395,52,5,859.63
FOR_13,Formal Shoes,1346,2014.31,1998.6,418,23,0.0685,61,5,1696.89
FOR_14,Formal Shoes,560,760.32,725.52,1552,49,0.0286,96,5,660.65
FOR_15,Formal Shoes,1033,1506.85,1532.72,559,112,0.1741,207,10,1672.34
FOR_16,Formal Shoes,447,585.03,604.28,1328,227,0.1851,382,6,594.03
FOR_17,Formal Shoes,1396,1947.27,2006.83,1036,54,0.0611,98,5,1953.78
FOR_18,Formal Shoes,720,1040.52,994.31,1417,228,0.1823,486,11,837.87
FOR_19,Formal Shoes,768,1114.96,1163.68,1131,98,0.09,241,10,1037.51
FOR_20,Formal Shoes,1714,2339.42,2442.55,802,82,0.0932,209,11,2228.92
FOR_21,Formal Shoes,1975,2359.24,2345.65,484,51,0.0902,96,2,2133.18
FOR_22,Formal Shoes,1749,2088.63,2028.14,849,123,0.1298,325,7,1863.62
FOR_23,Formal Shoes,761,1100.85,1136.43,1389,158,0.0974,407,2,1212.28
FOR_24,Formal Shoes,1630,1963.15,1878.02,1312,218,0.1592,475,1,1755.79
FOR_25,Formal Shoes,1513,2052.59,2079.31,543,28,0.0567,66,2,1941.7
FOR_26,Formal Shoes,1257,1741.48,1788.08,758,128,0.1473,253,8,1966.38
FOR_27,Formal Shoes,473,569.62,580.3,1198,66,0.0568,117,7,630.54
FOR_28,Formal Shoes,1368,1627.64,1700.58,1009,189,0.2041,482,3,1564.31
FOR_29,Formal Shoes,1465,1862.84,1818.16,688,34,0.0494,51,9,1498.21
FOR_30,Formal Shoes,1129,1615.49,1614.54,932,57,0.0543,152,5,1387.19
FOR_31,Formal Shoes,982,1131.34,1171.65,1007,82,0.0735,174,7,1226.77
FOR_32,Formal Shoes,258,313.75,306.28,1538,136,0.0845,297,1,257.71
FOR_33,Formal Shoes,1984,2438.93,2486.01,905,151,0.1504,284,2,2590.21
FOR_34,Formal Shoes,306,377.34,367.33,1348,286,0.1841,685,12,346.09
FOR_35,Formal Shoes,210,252.31,255.33,1213,149,0.1425,422,1,265.82
FOR_36,Formal Shoes,733,856.1,855.49,1259,50,0.0437,114,3,661.77
FOR_37,Formal Shoes,841,939.96,904.98,1071,169,0.1798,475,10,848.97
FOR_38,Formal Shoes,740,967.02,960.81,682,148,0.1977,255,11,859.44
FOR_39,Formal Shoes,1101,1234.54,1191.16,759,63,0.101,138,2,1119.23
SPO_0,Sports Watches,1213,1354.09,1334.66,1369,58,0.0397,99,6,1011.03
SPO_1,Sports Watches,1978,2400.59,2481.0,1626,224,0.1255,407,1,2512.81
SPO_2,Sports Watches,1368,1603.61,1671.03,1001,178,0.1478,273,11,1851.77
SPO_3,Sports Watches,449,564.69,569.79,700,28,0.0481,76,11,569.16
SPO_4,Sports Watches,1486,2202.37,2223.12,382,11,0.0282,23,12,2443.46
SPO_5,Sports Watches,1832,2432.28,2362.08,559,41,0.0689,107,9,2180.04
SPO_6,Sports Watches,981,1115.42,1088.11,1056,147,0.1715,408,3,917.98
SPO_7,Sports Watches,1024,1243.11,1274.51,606,67,0.1111,181,5,1388.05
SPO_8,Sports Watches,1435,1653.86,1681.23,1157,149,0.1099,329,10,1752.23
SPO_9,Sports Watches,384,538.6,555.35,760,63,0.0997,126,8,571.47
SPO_10,Sports Watches,1526,2097.48,2025.13,1429,151,0.1318,332,2,1886.55
SPO_11,Sports Watches,1178,1437.35,1506.94,1153,132,0.1197,207,2,1610.8
SPO_12,Sports Watches,1251,1429.96,1419.22,584,96,0.1485,195,10,1112.9
SPO_13,Sports Watches,1231,1362.11,1394.87,1174,62,0.0541,100,12,1327.69
SPO_14,Sports Watches,1402,1948.27,1998.41,1386,117,0.0695,328,3,1882.17
SPO_15,Sports Watches,360,503.57,508.81,600,13,0.0235,19,11,504.52
SPO_16,Sports Watches,1616,2039.45,2071.62,1285,230,0.169,583,12,2224.22
SPO_17,Sports Watches,1847,2255.3,2170.75,375,62,0.1606,110,1,1804.67
SPO_18,Sports Watches,1528,1769.52,1723.83,659,85,0.1545,181,2,1384.98
SPO_19,Sports Watches,512,714.5,710.59,1377,246,0.1738,443,10,650.08
SPO_20,Sports Watches,1002,1122.61,1067.36,1530,261,0.1642,624,9,1050.91
SPO_21,Sports Watches,275,356.12,355.63,1248,31,0.0309,73,9,262.45
SPO_22,Sports Watches,1527,1934.49,1929.33,1482,196,0.1359,422,3,1555.48
SPO_23,Sports Watches,593,763.6,758.87,1277,216,0.1825,519,12,670.02
SPO_24,Sports Watches,468,680.13,695.3,1419,269,0.1737,699,8,761.9
SPO_25,Sports Watches,1929,2246.92,2181.13,614,22,0.042,52,2,1928.62
SPO_26,Sports Watches,1211,1479.19,1436.21,595,42,0.0821,105,3,1294.35
SPO_27,Sports Watches,1231,1369.84,1310.07,1083,61,0.0582,136,6,1182.78
SPO_28,Sports Watches,1775,1985.64,2060.64,1097,235,0.1802,565,2,2200.49
SPO_29,Sports Watches,1096,1555.88,1627.86,746,136,0.1681,379,2,1747.18
SPO_30,Sports Watches,285,371.33,358.97,736,109,0.1779,211,8,329.99
SPO_31,Sports Watches,1220,1699.49,1631.39,1068,50,0.043,107,7,1457.95
SPO_32,Sports Watches,213,255.2,263.09,1005,49,0.0524,126,7,251.72
SPO_33,Sports Watches,1561,1870.36,1917.72,1437,103,0.0626,218,7,2062.69
SPO_34,Sports Watches,1945,2541.07,2587.37,449,80,0.1615,182,2,2454.59
SPO_35,Sports Watches,844,1064.0,1092.98,1062,186,0.1609,457,10,1020.86
SPO_36,Sports Watches,1493,2227.58,2294.2,1740,203,0.0983,517,5,2407.7
SPO_37,Sports Watches,842,1232.43,1171.78,1127,113,0.1235,237,11,962.68
SPO_38,Sports Watches,1314,1773.56,1794.52,1408,288,0.1819,606,4,2025.82
SPO_39,Sports Watches,372,414.7,407.84,663,66,0.1154,149,5,345.61
WAL_0,Wall Clocks,1750,2369.98,2257.03,832,131,0.1518,390,2,2101.09
WAL_1,Wall Clocks,1923,2402.2,2432.71,955,179,0.1582,388,10,2657.47
WAL_2,Wall Clocks,1128,1393.75,1356.97,1697,91,0.0605,227,12,1153.97
WAL_3,Wall Clocks,486,673.47,674.79,763,75,0.1132,200,8,637.58
WAL_4,Wall Clocks,1657,2104.85,2086.34,485,84,0.1783,182,6,1856.66
WAL_5,Wall Clocks,1024,1367.34,1369.93,1387,183,0.1254,548,12,1544.0
WAL_6,Wall Clocks,1202,1674.01,1660.1,628,28,0.0425,47,12,1365.19
WAL_7,Wall Clocks,1283,1471.89,1429.59,1113,51,0.0468,147,2,1222.08
WAL_8,Wall Clocks,1036,1185.32,1169.86,810,35,0.047,104,5,923.92
WAL_9,Wall Clocks,257,364.04,351.01,1034,201,0.1745,366,12,311.76
WAL_10,Wall Clocks,450,593.56,567.89,474,54,0.1178,153,7,492.68
WAL_11,Wall Clocks,1674,2399.63,2311.52,684,64,0.0992,139,12,1917.6
WAL_12,Wall Clocks,1838,2481.13,2511.79,1065,101,0.0923,296,8,2672.12
WAL_13,Wall Clocks,1522,1728.1,1670.31,462,76,0.1578,177,2,1510.01
WAL_14,Wall Clocks,374,440.19,445.42,600,76,0.1153,171,1,422.22
WAL_15,Wall Clocks,1289,1510.58,1437.92,737,113,0.1399,244,9,1305.26
WAL_16,Wall Clocks,1022,1364.94,1363.78,418,17,0.0524,38,7,1054.77
WAL_17,Wall Clocks,434,647.49,650.2,843,46,0.0663,90,7,681.6
WAL_18,Wall Clocks,320,430.65,423.13,493,29,0.0724,49,6,335.07
WAL_19,Wall Clocks,1895,2766.32,2642.36,979,111,0.1199,291,7,2514.5
WAL_20,Wall Clocks,751,844.31,841.34,1018,26,0.0251,74,1,650.43
WAL_21,Wall Clocks,1400,1918.05,1869.39,605,44,0.0908,107,4,1665.47
WAL_22,Wall Clocks,491,613.42,643.19,915,112,0.1009,243,1,675.71
WAL_23,Wall Clocks,1898,2559.06,2598.23,593,114,0.1909,273,11,2641.77
WAL_24,Wall Clocks,919,1320.58,1282.65,1318,61,0.0476,97,2,1052.29
WAL_25,Wall Clocks,451,645.92,660.46,1119,67,0.0593,181,11,716.1
WAL_26,Wall Clocks,1500,1806.82,1852.48,1206,163,0.1427,295,10,1815.58
WAL_27,Wall Clocks,1616,1864.04,1942.75,1102,22,0.0226,51,12,1951.45
WAL_28,Wall Clocks,1761,2213.78,2121.06,566,105,0.1731,227,2,1838.54
WAL_29,Wall Clocks,1864,2331.03,2354.65,1038,180,0.1598,272,8,2388.77
WAL_30,Wall Clocks,595,760.31,739.14,485,70,0.1385,125,10,657.23
WAL_31,Wall Clocks,1855,2573.11,2504.73,1674,42,0.0259,107,10,1956.96
WAL_32,Wall Clocks,601,897.72,910.15,719,90,0.1241,209,11,975.92
WAL_33,Wall Clocks,1576,2163.77,2177.86,551,73,0.1553,211,4,2421.2
WAL_34,Wall Clocks,1692,2390.63,2316.96,534,73,0.1403,137,9,2164.6
WAL_35,Wall Clocks,204,300.93,305.17,577,52,0.0792,109,2,320.2
WAL_36,Wall Clocks,1155,1499.46,1502.05,564,31,0.0605,66,8,1468.17
WAL_37,Wall Clocks,1002,1180.2,1130.85,539,32,0.0581,93,4,906.67
WAL_38,Wall Clocks,874,1070.06,1083.54,485,39,0.099,105,6,1170.5
WAL_39,Wall Clocks,706,807.05,785.93,1242,199,0.1635,369,2,722.18
DES_0,Desk Lamps,1468,1872.3,1796.6,1355,36,0.034,55,6,1630.78
DES_1,Desk Lamps,1620,1824.14,1756.2,1072,125,0.1251,206,1,1541.17
DES_2,Desk Lamps,803,1156.3,1144.93,1108,147,0.1267,222,7,964.11
DES_3,Desk Lamps,1076,1562.33,1580.96,1161,136,0.1433,309,10,1517.77
DES_4,Desk Lamps,410,453.02,462.68,924,41,0.0436,83,8,479.67
DES_5,Desk Lamps,1110,1303.55,1256.32,403,27,0.0733,79,6,1028.67
DES_6,Desk Lamps,1308,1844.54,1779.5,1074,85,0.0698,193,11,1573.61
DES_7,Desk Lamps,317,378.8,390.89,495,25,0.0569,71,2,372.35
DES_8,Desk Lamps,1567,2021.88,2060.67,1411,120,0.0811,353,10,1990.37
DES_9,Desk Lamps,873,1016.97,1012.32,485,94,0.1847,238,8,894.34
DES_10,Desk Lamps,689,890.39,914.28,1210,107,0.09,293,1,888.93
DES_11,Desk Lamps,351,436.35,438.74,633,36,0.0553,95,1,485.98
DES_12,Desk Lamps,607,715.73,692.41,1017,78,0.0785,137,1,550.89
DES_13,Desk Lamps,736,1077.7,1026.08,648,80,0.154,232,5,894.17
DES_14,Desk Lamps,957,1362.57,1384.49,1761,418,0.2028,1177,2,1348.23
DES_15,Desk Lamps,467,662.19,641.77,1265,89,0.0748,218,1,572.34
DES_16,Desk Lamps,1402,1648.25,1654.1,655,21,0.0297,58,9,1819.99
DES_17,Desk Lamps,1201,1421.62,1362.11,1521,158,0.1252,328,11,1240.95
DES_18,Desk Lamps,966,1255.25,1250.76,1149,129,0.1142,378,8,997.99
DES_19,Desk Lamps,1021,1383.7,1423.91,418,78,0.1863,144,4,1404.47
DES_20,Desk Lamps,972,1291.35,1347.59,1051,44,0.0368,85,9,1268.75
DES_21,Desk Lamps,1395,1557.46,1559.37,1055,106,0.1043,286,6,1531.57
DES_22,Desk Lamps,250,292.96,285.16,523,19,0.0339,43,11,217.52
DES_23,Desk Lamps,766,1126.51,1081.27,515,52,0.1135,130,5,898.43
DES_24,Desk Lamps,1870,2631.83,2722.75,854,218,0.2065,573,12,2857.82
DES_25,Desk Lamps,734,809.91,793.67,1234,105,0.0908,248,11,603.33
DES_26,Desk Lamps,1539,2008.49,2060.94,808,56,0.0626,101,4,2056.74
DES_27,Desk Lamps,1809,2389.77,2382.3,1258,50,0.0353,107,12,1908.37
DES_28,Desk Lamps,1098,1405.43,1413.64,998,165,0.1783,430,8,1566.72
DES_29,Desk Lamps,1908,2369.48,2304.44,1365,132,0.0901,304,6,1998.49
DES_30,Desk Lamps,1362,1926.06,2007.37,850,188,0.2074,507,10,2084.21
DES_31,Desk Lamps,1000,1492.07,1447.94,990,82,0.0869,163,8,1264.95
DES_32,Desk Lamps,823,936.0,898.96,620,81,0.1383,144,2,850.11
DES_33,Desk Lamps,990,1201.39,1169.32,1219,35,0.0295,61,7,950.3
DES_34,Desk Lamps,426,490.61,486.61,516,81,0.1812,227,5,409.96
DES_35,Desk Lamps,1653,2257.86,2180.82,1071,118,0.1067,225,1,2065.66
DES_36,Desk Lamps,1112,1251.65,1239.04,914,189,0.182,413,10,979.5
DES_37,Desk Lamps,386,469.05,486.92,1252,258,0.1782,538,3,489.59
DES_38,Desk Lamps,567,827.81,847.12,1275,199,0.1419,327,12,943.81
DES_39,Desk Lamps,690,1003.41,969.09,1063,34,0.0309,97,8,797.94
GAM_0,Gaming Mouse,1760,2325.19,2440.36,612,83,0.1163,175,3,2300.14
GAM_1,Gaming Mouse,1236,1381.67,1316.28,1281,204,0.147,427,1,1112.92
GAM_2,Gaming Mouse,1652,2423.24,2381.34,1341,42,0.0317,78,8,1820.24
GAM_3,Gaming Mouse,1880,2277.91,2200.77,454,18,0.0501,47,3,1693.18
GAM_4,Gaming Mouse,1763,1947.21,1903.06,1228,56,0.0577,140,4,1566.05
GAM_5,Gaming Mouse,297,426.08,439.35,583,38,0.0778,57,7,457.62
GAM_6,Gaming Mouse,711,888.65,865.42,473,9,0.0244,24,11,740.19
GAM_7,Gaming Mouse,651,965.76,926.8,809,20,0.0268,54,6,789.45
GAM_8,Gaming Mouse,588,793.72,828.19,1421,57,0.0436,115,3,725.35
GAM_9,Gaming Mouse,1539,1887.58,1866.66,1189,146,0.1369,355,1,1442.91
GAM_10,Gaming Mouse,647,818.09,839.98,1697,69,0.0394,206,10,773.66
GAM_11,Gaming Mouse,394,527.94,553.36,1280,295,0.2044,589,11,593.99
GAM_12,Gaming Mouse,1608,1973.32,2042.69,1147,33,0.024,71,9,2046.32
GAM_13,Gaming Mouse,676,879.72,897.72,381,60,0.1336,117,12,908.11
GAM_14,Gaming Mouse,698,940.84,899.44,1166,57,0.0539,140,4,831.38
GAM_15,Gaming Mouse,1424,2129.48,2117.5,916,77,0.0767,120,7,1809.32
GAM_16,Gaming Mouse,790,1106.17,1076.19,1010,44,0.0555,126,4,953.62
GAM_17,Gaming Mouse,1625,2255.18,2279.55,1191,67,0.0536,106,8,2096.01
GAM_18,Gaming Mouse,594,665.78,698.54,695,39,0.0538,105,4,641.29
GAM_19,Gaming Mouse,360,457.38,455.87,801,44,0.0639,82,5,379.15
GAM_20,Gaming Mouse,1501,1772.02,1836.24,1152,231,0.2021,404,8,1849.57
GAM_21,Gaming Mouse,1448,2018.47,2071.02,1120,119,0.091,313,5,2122.46
GAM_22,Gaming Mouse,512,676.42,654.48,1161,104,0.0984,250,2,540.66
GAM_23,Gaming Mouse,1664,2142.74,2068.76,631,112,0.1691,230,7,1983.95
GAM_24,Gaming Mouse,1008,1500.1,1481.07,1294,206,0.1952,582,2,1242.43
GAM_25,Gaming Mouse,1358,1582.0,1623.6,1022,157,0.1594,402,11,1717.29
GAM_26,Gaming Mouse,1626,1826.13,1805.19,1387,70,0.0629,190,11,1550.05
GAM_27,Gaming Mouse,257,354.4,359.55,974,163,0.1927,304,10,405.82
GAM_28,Gaming Mouse,1923,2239.47,2153.64,623,102,0.1779,242,2,1908.62
GAM_29,Gaming Mouse,586,849.94,821.54,1148,94,0.0719,233,7,712.9
GAM_30,Gaming Mouse,1703,2153.69,2234.75,491,72,0.1277,195,5,2360.29
GAM_31,Gaming Mouse,1732,2180.91,2139.06,838,13,0.0199,33,9,1725.69
GAM_32,Gaming Mouse,790,1100.64,1064.39,1020,41,0.0427,92,2,884.96
GAM_33,Gaming Mouse,1867,2212.45,2146.28,869,53,0.0529,148,8,1856.37
GAM_34,Gaming Mouse,1478,1690.36,1713.42,516,42,0.0892,84,10,1639.78
GAM_35,Gaming Mouse,1193,1633.36,1568.16,475,89,0.1843,238,1,1285.74
GAM_36,Gaming Mouse,1269,1797.81,1775.46,1750,314,0.1551,693,6,1567.06
GAM_37,Gaming Mouse,889,1109.75,1153.05,1177,256,0.1968,529,1,1294.54
GAM_38,Gaming Mouse,1988,2449.42,2351.49,1532,147,0.0886,424,1,2071.42
GAM_39,Gaming Mouse,1979,2596.95,2714.09,861,131,0.1372,289,7,2802.51
KEY_0,Keyboards,206,307.86,321.95,854,64,0.0887,173,6,325.98
KEY_1,Keyboards,678,910.35,901.26,531,115,0.1871,254,11,843.67
KEY_2,Keyboards,405,564.45,552.81,866,168,0.1729,449,12,484.86
KEY_3,Keyboards,461,598.92,574.19,1175,91,0.0962,226,4,467.74
KEY_4,Keyboards,549,769.31,781.6,490,81,0.202,234,6,872.49
KEY_5,Keyboards,1769,2144.28,2191.28,1623,254,0.1438,732,11,2346.16
KEY_6,Keyboards,385,546.01,536.88,1006,159,0.1553,392,7,500.65
KEY_7,Keyboards,1721,2399.76,2371.36,1453,72,0.0595,117,2,1893.0
KEY_8,Keyboards,1412,2082.54,2133.48,655,27,0.044,55,12,1898.17
KEY_9,Keyboards,326,435.54,422.03,1423,98,0.0751,246,3,358.84
KEY_10,Keyboards,1432,1913.6,1838.32,424,34,0.0989,99,4,1576.86
KEY_11,Keyboards,1133,1313.11,1284.67,488,42,0.074,70,12,1100.43
KEY_12,Keyboards,1492,2135.76,2134.7,964,137,0.1658,352,12,1956.03
KEY_13,Keyboards,660,910.91,870.15,875,110,0.1442,299,3,838.03
KEY_14,Keyboards,1322,1661.64,1648.75,1637,241,0.1552,552,5,1341.64
KEY_15,Keyboards,599,826.89,830.86,510,82,0.1562,222,12,832.81
KEY_16,Keyboards,1540,1794.84,1729.79,1272,48,0.0444,125,12,1500.24
KEY_17,Keyboards,941,1308.35,1318.25,667,142,0.1984,248,1,1279.46
KEY_18,Keyboards,1170,1371.07,1309.71,1542,211,0.1211,514,7,1094.33
KEY_19,Keyboards,443,529.98,529.38,799,75,0.0875,201,11,402.88
KEY_20,Keyboards,1149,1661.41,1686.38,1013,84,0.1016,140,2,1699.07
KEY_21,Keyboards,1569,2296.06,2232.9,1256,204,0.1499,361,8,2143.58
KEY_22,Keyboards,1639,2087.21,2102.12,560,96,0.1495,221,7,2331.87
KEY_23,Keyboards,240,301.8,311.38,1478,184,0.117,472,11,289.53
KEY_24,Keyboards,1742,2060.76,2093.44,558,64,0.1299,149,6,1970.96
KEY_25,Keyboards,463,615.81,625.21,593,86,0.1759,255,9,616.72
KEY_26,Keyboards,1314,1535.59,1608.85,359,13,0.0297,37,5,1601.68
KEY_27,Keyboards,1111,1284.25,1283.02,1049,194,0.1973,447,4,1139.95
KEY_28,Keyboards,1557,2223.25,2164.8,672,98,0.1695,166,9,1769.33
KEY_29,Keyboards,935,1132.25,1158.19,1048,68,0.0674,194,7,1144.15
KEY_30,Keyboards,720,986.84,1030.28,702,27,0.0341,80,12,1027.29
KEY_31,Keyboards,1663,2076.85,2109.52,1507,127,0.097,379,7,2077.8
KEY_32,Keyboards,1436,1721.76,1682.18,1255,117,0.116,287,6,1542.24
KEY_33,Keyboards,1793,2168.28,2248.26,783,37,0.039,67,2,2323.37
KEY_34,Keyboards,452,528.97,541.05,1063,154,0.169,311,10,592.3
KEY_35,Keyboards,1329,1605.99,1541.6,432,72,0.1827,145,12,1413.64
KEY_36,Keyboards,1815,2382.5,2405.04,1212,42,0.0434,95,3,2483.13
KEY_37,Keyboards,492,615.75,630.25,593,79,0.1382,210,11,654.28
KEY_38,Keyboards,1647,2113.29,2100.39,1258,124,0.1097,265,12,1886.85
KEY_39,Keyboards,1867,2224.54,2254.71,681,60,0.0944,98,2,2090.03
